{
  "jw05365-o001": {
    "gdstarid": "S8DY632421",
    "gs_dec": -28.404034,
    "gs_mag": 12.74288749694824,
    "gs_ra": 266.76697,
    "gs_v3_pa": 90.06505633402347,
    "gsc_ver": "GSC30"
  }
}